{  
  "num_points":50,
  "consistency_iter":1,
  "data":[  
    {  
      "iteration":1,
      "K":3.98447e+07,
      "G":1.32816e+07,
      "X":-1.87891e+07,
      "pbar_w":5.24774e+06,
      "BETA":1,
      "CR":0.5,
      "FSLOPE":0.355309,
      "PEAKI1":996.118,
      "STREN":1.76382e+07,
      "YSLOPE":0.353622,
      "z_r_pt":[  
        52172.3,
        3.60195e+06
      ],
      "z_r_closest":[  
        -1.15079e+06,
        2.02165e+06
      ],
      "z_r_yield_z":[  
        575.109,
        -167406,
        -607187,
        -1.15079e+06,
        -1.59057e+06,
        -1.75855e+06
      ],
      "z_r_yield_r":[  
        2.45257e-09,
        310133,
        1.12207e+06,
        2.02165e+06,
        1.72669e+06,
        0
      ]
    },
    {  
      "iteration":2,
      "K":3.98447e+07,
      "G":1.32816e+07,
      "X":-1.87891e+07,
      "pbar_w":5.24774e+06,
      "BETA":1,
      "CR":0.5,
      "FSLOPE":0.355309,
      "PEAKI1":996.118,
      "STREN":1.76382e+07,
      "YSLOPE":0.353622,
      "z_r_pt":[  
        52172.3,
        3.60195e+06
      ],
      "z_r_closest":[  
        -1.15079e+06,
        2.02165e+06
      ],
      "z_r_yield_z":[  
        -878986,
        -1.15079e+06,
        -1.39598e+06,
        -1.59057e+06,
        -1.7155e+06,
        -1.75855e+06
      ],
      "z_r_yield_r":[  
        1.62388e+06,
        2.02165e+06,
        2.08595e+06,
        1.72669e+06,
        979052,
        0
      ]
    },
    {  
      "iteration":3,
      "K":3.98447e+07,
      "G":1.32816e+07,
      "X":-1.87891e+07,
      "pbar_w":5.24774e+06,
      "BETA":1,
      "CR":0.5,
      "FSLOPE":0.355309,
      "PEAKI1":996.118,
      "STREN":1.76382e+07,
      "YSLOPE":0.353622,
      "z_r_pt":[  
        52172.3,
        3.60195e+06
      ],
      "z_r_closest":[  
        -1.15079e+06,
        2.02165e+06
      ],
      "z_r_yield_z":[  
        -878986,
        -970925,
        -1.06186e+06,
        -1.15079e+06,
        -1.23674e+06,
        -1.31877e+06
      ],
      "z_r_yield_r":[  
        1.62388e+06,
        1.7838e+06,
        1.91864e+06,
        2.02165e+06,
        2.08688e+06,
        2.10948e+06
      ]
    },
    {  
      "iteration":4,
      "K":3.98447e+07,
      "G":1.32816e+07,
      "X":-1.87891e+07,
      "pbar_w":5.24774e+06,
      "BETA":1,
      "CR":0.5,
      "FSLOPE":0.355309,
      "PEAKI1":996.118,
      "STREN":1.76382e+07,
      "YSLOPE":0.353622,
      "z_r_pt":[  
        52172.3,
        3.60195e+06
      ],
      "z_r_closest":[  
        -1.18969e+06,
        2.05584e+06
      ],
      "z_r_yield_z":[  
        -1.09888e+06,
        -1.14468e+06,
        -1.18969e+06,
        -1.2338e+06,
        -1.27687e+06,
        -1.31877e+06
      ],
      "z_r_yield_r":[  
        1.96539e+06,
        2.01563e+06,
        2.05584e+06,
        2.0853e+06,
        2.10336e+06,
        2.10948e+06
      ]
    },
    {  
      "iteration":5,
      "K":3.98447e+07,
      "G":1.32816e+07,
      "X":-1.87891e+07,
      "pbar_w":5.24774e+06,
      "BETA":1,
      "CR":0.5,
      "FSLOPE":0.355309,
      "PEAKI1":996.118,
      "STREN":1.76382e+07,
      "YSLOPE":0.353622,
      "z_r_pt":[  
        52172.3,
        3.60195e+06
      ],
      "z_r_closest":[  
        -1.18723e+06,
        2.05389e+06
      ],
      "z_r_yield_z":[  
        -1.09888e+06,
        -1.12123e+06,
        -1.14342e+06,
        -1.16542e+06,
        -1.18723e+06,
        -1.20882e+06
      ],
      "z_r_yield_r":[  
        1.96539e+06,
        1.99102e+06,
        2.01438e+06,
        2.03536e+06,
        2.05389e+06,
        2.06989e+06
      ]
    },
    {  
      "iteration":6,
      "K":3.98447e+07,
      "G":1.32816e+07,
      "X":-1.87891e+07,
      "pbar_w":5.24774e+06,
      "BETA":1,
      "CR":0.5,
      "FSLOPE":0.355309,
      "PEAKI1":996.118,
      "STREN":1.76382e+07,
      "YSLOPE":0.353622,
      "z_r_pt":[  
        52172.3,
        3.60195e+06
      ],
      "z_r_closest":[  
        -1.18699e+06,
        2.05371e+06
      ],
      "z_r_yield_z":[  
        -1.15385e+06,
        -1.16495e+06,
        -1.176e+06,
        -1.18699e+06,
        -1.19794e+06,
        -1.20882e+06
      ],
      "z_r_yield_r":[  
        2.0246e+06,
        2.03493e+06,
        2.04464e+06,
        2.05371e+06,
        2.06213e+06,
        2.06989e+06
      ]
    },
    {  
      "iteration":7,
      "K":3.98447e+07,
      "G":1.32816e+07,
      "X":-1.87891e+07,
      "pbar_w":5.24774e+06,
      "BETA":1,
      "CR":0.5,
      "FSLOPE":0.355309,
      "PEAKI1":996.118,
      "STREN":1.76382e+07,
      "YSLOPE":0.353622,
      "z_r_pt":[  
        52172.3,
        3.60195e+06
      ],
      "z_r_closest":[  
        -1.18686e+06,
        2.0536e+06
      ],
      "z_r_yield_z":[  
        -1.18133e+06,
        -1.18686e+06,
        -1.19237e+06,
        -1.19787e+06,
        -1.20335e+06,
        -1.20882e+06
      ],
      "z_r_yield_r":[  
        2.04911e+06,
        2.0536e+06,
        2.05792e+06,
        2.06208e+06,
        2.06607e+06,
        2.06989e+06
      ]
    },
    {  
      "iteration":8,
      "K":3.98447e+07,
      "G":1.32816e+07,
      "X":-1.87891e+07,
      "pbar_w":5.24774e+06,
      "BETA":1,
      "CR":0.5,
      "FSLOPE":0.355309,
      "PEAKI1":996.118,
      "STREN":1.76382e+07,
      "YSLOPE":0.353622,
      "z_r_pt":[  
        52172.3,
        3.60195e+06
      ],
      "z_r_closest":[  
        -1.18684e+06,
        2.05359e+06
      ],
      "z_r_yield_z":[  
        -1.18133e+06,
        -1.18409e+06,
        -1.18684e+06,
        -1.18959e+06,
        -1.19234e+06,
        -1.19508e+06
      ],
      "z_r_yield_r":[  
        2.04911e+06,
        2.05137e+06,
        2.05359e+06,
        2.05576e+06,
        2.05789e+06,
        2.05999e+06
      ]
    },
    {  
      "iteration":9,
      "K":3.98447e+07,
      "G":1.32816e+07,
      "X":-1.87891e+07,
      "pbar_w":5.24774e+06,
      "BETA":1,
      "CR":0.5,
      "FSLOPE":0.355309,
      "PEAKI1":996.118,
      "STREN":1.76382e+07,
      "YSLOPE":0.353622,
      "z_r_pt":[  
        52172.3,
        3.60195e+06
      ],
      "z_r_closest":[  
        -1.18683e+06,
        2.05358e+06
      ],
      "z_r_yield_z":[  
        -1.18133e+06,
        -1.18271e+06,
        -1.18409e+06,
        -1.18546e+06,
        -1.18683e+06,
        -1.18821e+06
      ],
      "z_r_yield_r":[  
        2.04911e+06,
        2.05025e+06,
        2.05137e+06,
        2.05248e+06,
        2.05358e+06,
        2.05467e+06
      ]
    },
    {  
      "iteration":10,
      "K":3.98447e+07,
      "G":1.32816e+07,
      "X":-1.87891e+07,
      "pbar_w":5.24774e+06,
      "BETA":1,
      "CR":0.5,
      "FSLOPE":0.355309,
      "PEAKI1":996.118,
      "STREN":1.76382e+07,
      "YSLOPE":0.353622,
      "z_r_pt":[  
        52172.3,
        3.60195e+06
      ],
      "z_r_closest":[  
        -1.18658e+06,
        2.05338e+06
      ],
      "z_r_yield_z":[  
        -1.18477e+06,
        -1.18546e+06,
        -1.18615e+06,
        -1.18683e+06,
        -1.18752e+06,
        -1.18821e+06
      ],
      "z_r_yield_r":[  
        2.05192e+06,
        2.05248e+06,
        2.05303e+06,
        2.05358e+06,
        2.05412e+06,
        2.05467e+06
      ]
    },
    {  
      "iteration":11,
      "K":3.98447e+07,
      "G":1.32816e+07,
      "X":-1.87891e+07,
      "pbar_w":5.24774e+06,
      "BETA":1,
      "CR":0.5,
      "FSLOPE":0.355309,
      "PEAKI1":996.118,
      "STREN":1.76382e+07,
      "YSLOPE":0.353622,
      "z_r_pt":[  
        52172.3,
        3.60195e+06
      ],
      "z_r_closest":[  
        -1.18649e+06,
        2.0533e+06
      ],
      "z_r_yield_z":[  
        -1.18649e+06,
        -1.18683e+06,
        -1.18718e+06,
        -1.18752e+06,
        -1.18786e+06,
        -1.18821e+06
      ],